Text,Sentiment
Kendini Köpek Sanan Rakun ve Köpek Dostunun İçinizi Isıtacak 15 Şirin Fotoğrafı,1
Hayatı Tesbih Yapıp Sallarken Hatalı Tercihler Yapmış 17 Kedi,1
Meğer Gece Vızıldayan Arıları Da Uyku Tutmuyormuş,1
Uyuma Şekliyle Eve Neşe Katan 10 Köpek,1
Henüz Doğmamış Hayvanların Anne Karnındaki Etkileyici Görüntüleri,1
Önceki Geceden Kalma Olduğu Her Halinden Anlaşılan 15 Hayvan,1
Eşinin Yasını Rayların Üzerinde Tutan Kuğu İçin 23 Tren Seferi İptal Edildi,1
Yavrularına Annelik Yapmaktan Gurur Duyan 20 Kedi,1
Saklambaç Oynamak İçin Çıldırdığımız 9 Hayvan,1
Aynı Dönemde Yaşamadığınıza Şükredeceğiniz 25 Tarih Öncesi Canavar,1
Tavuklar Üşümesin Diye Kazak Ören Güzel Kalpli Kız,1
Kendini Sıvı Zannedip Girdiği Kabın Şeklini Almış 17 Kedi,1
İnsan Annesine Her Akşam Başka Bir Yemek Pişiren Şef Kedi,1
Dünyanın En Güzel 10 Kuşu,1
Kızgın Görünen Kedi İstese de Mutlu Görünemiyor,1
Türler Arası Anlaşmayı Gösteren 13 Mutlu Eden Dostluk,1
İnsanlar Bu Koyunların Çok Şirin Mi Yoksa Korkutucu Mu Oldukları Konusunda Kararsız,1
Köpeğiyle Fotoğraf Çektirmeye Çalışan Kızın Kötü Sonu (+18),1
Dil  Çıkararak Tatlılıklarını İkiye Katlayan 15 Hayvan,1
Finlandiyalı Fotoğrafçının Eşsiz Vahşi Doğa Fotoğrafları Sizi Büyülü Bir Dünyaya Taşıyacak,1
Farklı Cinslerdeki Köpeklerin Çiftleşmesi ile Dünyaya Gelen 10 Tatlış Yavru,1
Bakınca Oyy Deyip Sarılmak İsteyeceğiniz 15 Bandajlı Hayvan,1
Başrolde Kedilerin Olduğu Kalbinize Dokunacak 15 An,1
Orman Yangınında Yanan Kaplumbağaya Yeni Bir Kabuk Yapan Süper İnsanlar,1
İzlanda’nın Pofuduk Ötesi Bebek Sığırları ile Tanışın,1
Sahiplerine Ufak Bir Kalp Krizi Yaşatan Muzip Hayvanlar,1
"Araçtaki yansımasıyla kavga eden keçi, arabaya 3 bin liralık zarar verdi",1
Bedava Yiyeceği Götürürken Birden Mavi Ekran Veren Sincap 2020 Yılının Özeti Gibi,1
Kediliğin Aslında Zor Bir Ninja Sanatı Olduğunu Gösteren 11 Kedi,1
Yol Kenarında Bulunan Bu Minnoş Kedinin Tüylerini Görmelisiniz,1
Oturdukları Yerleri Özenle Seçtikleri Belli Olan 12 Kedi,1
Yaptıklarının Ne Kadar Komik Olduğunun Farkında Olmayan 10 Köpek,1
32 Yıl Önce Nesli Tükenen Kauai ‘O’o Kuşunun Harika Sesi ve Şarkısı,1
Serçelerin Bu Şarkısı Viral Oldu ve Kanada’daki Diğer Kuşlar Da Söylüyor,1
Geyik Öldürmek Spor Değildir… 18 Kızıl Geyik İhale ile Avlanacak,1
Sizden Daha Kötü Bir Gün Geçirdiği Kesin 10 Hayvan Arkadaş,1
Bıdı Bıdı Bıdı Çekirge Değil Dev Çekirge Hem De Türkiye’de,1
Tarihin En Yaşlı Golden Retriever Köpeği İle Tanışın,1
Sahipsiz Kalan Sokak Hayvanlarının Maması Aksigorta’dan,1
Köpeklere Patronun Kim Olduğunu Göstermiş 12 Kedi,1
10 Yıldır Çiftleştirilemeyen Pandalar Koronavirüs Sayesinde Rahatlayıp Çiftleşti,1
Koronavirüs Dağ Keçilerinin İşine Yaradı,1
Evini Kediler İçin Yeniden Tasarladı,1
Son Halini Görünce Yumuşacık Olacaksınız,1
Kuşlar Sevişmek İçin Kilo Alıyor,1
Kendisini İnsan Gibi Davranmaya Çok Kaptırmış 15 Köpek,1
Sokakta Bulduğu Delikleri Oyun Alanına Çeviren Sevimli Kediler,1
Köpeklerin Köpek Dışında Benzedikleri 8 Şey,1
Ana Rahmindeki Görüntüleriyle Doğmadan da Şirin 15 Hayvan,1
Annesinin Mürekkebi Bitmiş Gibi İki Renkli Surata Sahip Şirin Kedi Yana ile Tanışın,1
İçinizi Isıtacak 15 Fotoğrafla Küçük Çocuklar Büyük Köpekler Projesi,1
Kediler 2000 Yıl Önce De Etrafı Dağıtmaya Meraklıymış,1
En İyi Dostu Köpeklerle Verdiği Pozlar İçinizi Isıtıcak,1
Uçamayacak Kadar Şişmanlayan Baykuşun Doğaya Salınma Anı,1
"Dövüştürülmek İstenen Horoz, Spartacus Gibi Sahibini Öldürdü",1
Kedi İle Köpek Arasındaki Farkları Anlatan 6 Komik Çizim,1
‘Okyanustaki Dev Sıcak Su Kütlesi Bir Milyon Kuşun Ölümüne Neden Oldu’,1
İnsanlığa İnancınızı Tazeleyecek 10 Hayvan Kurtarma Hikayesi,1
Kedilerin Matematiksel Olarak Mükemmel Olduğunun 10 Kanıtı,1
Çiftleşme Rekoru Kırarak Soyunun Tükenmesini Engelleyen Kaplumbağa İle Tanışın,1
Avustralya’daki Yangın Bölgesine Yiyecek Atan Güzel İnsanlar,1
Kurtarılmak İsteyen Kadın Sesi İhbarı Alan Polisler Bakın Kimle Karşılaştı,1
Kargaların Gangster Gibi Takıldığını Kanıtlayan 12 Kare,1
"Bu Ördek 5 Yaşındaki Kızı Annesi Sanıyor, Kız Da Onu Oğlu Gibi Büyütüyor",1
Ben Bir Haltlar Karıştırdım Ama İnan Bana Kazaydı Diyen 15 Hayvan,1
Evden çıktığınızda köpeğinizin aklından geçen düşünceler yürek burkan cinsten…,1
Bunalıma Girip Yemek Yemeyen Keçinin Duygusal Hikayesi,1
Avustralya’daki Yangınlarda 480 Milyon Hayvan Öldü ve Devam Ediyor,1
Kendi Yılbaşı Hediyesini Seçen Barınaktaki Köpeklerin İçinizi Isıtacak Mutluluk Anları,1
Suratından Belli! Noel Kutlamasına Götürülmeyen Kaplumbağa Evi Yaktı,1
Pigment Eksikliği İle Doğan Gorilin Fotoğrafları Size Tanıdık Gelebilir!,1
Tıraştan Önceki ve Sonraki Halleriyle Yüzünüzü Güldürecek 8 Köpek,1
Hırsızlık Yaparken Yakalanmış 13 Utanmaz Hayvan,1
Görünce Keşke Melez Olsalarmış Diyeceğiniz 12 İlginç Hayvan Fotoğrafı,1
Leoparın Gizlendiği Bu Fotoğraf Sosyal Medyada Olay Oldu,1
‘Dünyanın En Mutlu Kirpisi’ Instagram Fenomeni Oldu,1
Pin Up Kızlarına Rakip Olacak Kalitede Poz Veren 15 Kedi,1
Kedilerin Her Yerde ve Her Koşulda Uyuyabildiğinin 15 Kanıtı,1
İnsanların Yaşam Alanlarına Saygısı Olmayan 10 Kedi,1
Bebek Bukalemunların Şirinlik Ötesi 10 Fotoğrafı,1
Patilerini Kaybeden Kedi Yapay Patilerle Hayata Döndü,1
Ölen Kardeşinin Baskılı Olduğu Yastıkla Tekrar Rahat Bir Uyku Çekebilen Köpek Spencer,1
Yavrularıyla İlgilenirken Objektiflere Yakalanmış Dünya Tatlısı 15 Kuş,1
Şampuanla Yıkanıp Saç Kurutma Makinesiyle Kurulanınca Yumuş Yumuş Olan İnekler,1
Kediler İsimlerini Anlıyor Ama Bizi Şımartmamak İçin Kayıtsız Kalıyor,1
"Tavuklara Mozart Dinletti, Yumurta Sayısı %20 Artış Gösterdi",1
Kediye Psikopat Dedik Ama Sebebi Varmış,1
"50 Yıl Önce Yaşayan Koç, Şimdi Baba Oldu",1
Dünyanın En Pahalı Güvercini Armando ile Tanışın: 1 Milyon 252 Bin Euro,1
Mart Ayının Tadını Sevgilileriyle Çıkaran 12 Kedi,1
Banyoya Girdikten Sonra Havasını Kaybedip Komikleşen 15 Köpek,1
Penguenlerin Dünya Tatlısı Olduğunun Kanıtı 21 Fotoğraf,1
İki Farklı Hayvan Arasındaki Yasak Aşkın Meyvesi 14 Melez Hayvan,1
Japonya’daki Tren Hattı Üzerinde Kaplumbağaları Düşünen Yol,1
Iraklı Kaçak Bülbül Sınır Dışı Edildi,1
Dünyanın En Yumuşak Tüyüne Sahip Tam Sarılmalık 15 Kedi,1
8 Harika Karikatürle Köpek Edinmeden Önceki Ve Sonraki Hayatınız,1
Dünyanın En Şirin Fotoğrafı Oscar’ı Verilse Zirveye Oynayacak 18 Harika Fotoğraf,1
Banyoya Girince O Eski Halimden Eser Yok Şimdi Diyen 15 Hayvan,1
Girdikleri Şekillerle Sizi Güldürecek Dünyanın En Şapşik 15 Hayvanı,1
Her Kedi Sahibinin Anlayacağı 14 Komik Çizim,1
Kedisi Olanlar İçin Tasarlanmış 25 Harika Eşya,1
Yaşam Alanına Gram Saygısı Olmayan 15 Köpek,1
Kedi Mantığının Bizden Farklı İşlediğinin 17 Kanıtı,1
"Şişman kedi, verdiği kilolarla sosyal medyada ilgi odağı oldu",1
Narkotik Köpeği ÇITIR Hepimizden İyi Poz Veriyor,1
RIO Filmindeki Kuş da Dahil Birçok Kuş Türünün Soyu Tükendi,1
Ecstacy verilen ahtapotlar birbirlerine sarılmaya çalıştı,1
KYK Yurdunda Şikayet Edilen Fare Aşırı Tatlış Çıktı,1
Çifte Göz Rengine Sahip 12 Büyüleyici Hayvan,1
Kedi Sevenlere Muazzam İş Fırsatı: 55 Kedi ile Ege Adasında Keyifli Bir Kariyer,1
Ukraynalı Fotoğrafçı Sergey Polyushko’dan Nefes Kesen Hayvan Portreleri,1
Kamuflaj Ustası Kedileri Bulabilecek Misiniz?,1
Hindistan’da Gökkuşağı Renkli Sincap Olduğunu Biliyor Muydunuz?,1
Ameliyat Olan Annesinden Ayrılmayı Reddeden Sevimli Koala,1
Sosyal Medyanın Son Fenomeni İnsan Yüzlü Kedi Valkyrie’nin Şaşırtıcı Fotoğrafları,1
Ünlülere İkizi Kadar Benzeyen 20 Hayvan,1
Doğaüstü Yeteneklere Sahip 13 Muhteşem Hayvan,1
Engelli Hayvanları Çeken Fotoğrafçıdan Canda Kusur Olmaz Dedirten 14 Kare,1
"Kendi Canını Kurtarmak İçin, Kızı Altına Alan Köpeğin Fotoğrafları Viral Oldu",1
Vahşi Hayvanlar Hayvanat Bahçesinden Kaçtı,1
Genç Kadın Kapısına Her Gün Çiçek Bırakan Gizli Aşığını Buldu (video),1
Sesi Duyduklarında Neden Hep Birden Ulumaya Başlıyorlar?,1
Evcil Köpek Diye Aldılar 2 Yıl Sonra Ayı Olduğu Ortaya Çıktı,1
Sıfır Çaba Gerektiren Pozlarıyla Çizilmiş 21 Komik Ötesi Kedi Duruşu,1
Doğasever Kedi ile Köpeğin Alışılmadık Yol Arkadaşlığı,1
Sosyal Medyanın Yeni Maskotu: Mickey Mouse Kulaklı Köpek,1
Japon Kedilerinin De Bir Acayip Olduğunu Kanıtlayan 20 Minnoşito Fotoğraf,1
Bu Balığı Aldığında Kuyruğu Yoktu Ama Sonrasında Bir Mucize Oldu,1
Bu Köpeğin Suratı İnsana Benziyor,1
Doğa Fotoğrafçılığının Dünyanın En İyi İşi Olduğunun 22 Kanıtı,1
Kediler Neden Mart Ayında Çiftleşir?,1
Sevgisini Eşini Öperek Gösteren Şirinlik Timsali 16 Romantik Hayvan,1
Kötü Halde Bulunan 15 Kedinin Mutlu Eden Değişimleri,1
Patronunuz Kedi Olsaydı Kesinlikle Karşılaşacağınız 13 İlginç Durum,1
Sahibiyle Hem Gezen Hem de Fotomodellik Yapan Bull Terrier,1
Kedi Cenneti Gibi Tasarım,1
Teknolojinin Kedilerin Bile Hayatını Etkilediğinin 15 Kanıtı,1
Erkeği olmadan üreyen mutant kerevit dünyayı istila ediyor,1
Dikkat Köpek Var Yazısına Kanmamanız Gerektiğini Gösteren 12 Şapşik,1
Katil balinalar insan sesini taklit edebiliyor,1
Köpeklerin Kopyala Yapıştır Yöntemiyle Çoğaldığının 13 Sevimli Kanıtı,1
Kedi Üstüne Eşya Dizme Sanatından Komik Örnekler,1
Köpekleri Kadınlar Erkeklerden Daha İyi Anlıyor,1
"Özgürlüğü Seven İnek, Çiftlikten Kaçıp Bizonlara Katıldı",1
Dalgıcı Köpekbalığı Saldırısından Koruyan Kahraman Balina,1
Bir Çocuğun Niçin Köpekle Birlikte Büyümesi Gerektiğini Gösteren 23 Fotoğraf,1
İyi Haber! Yeni Yasayla Hayvan Öldürene Hapis Cezası,1
Senden Benden İyi Yaşayan 16 Zengin Kedi,1
İskoçya’nın Muhteşem Kış Geyikleri,1
Dili Beş Karış Dışarıda Olan Marnie İle Tanışın,1
"Hayat Ona Güzel: Yiyor, İçiyor ve Uyuyor",1
Adam Gibi Fotoğraf Çekmedikleri İçin Trip Yapan Husky Reis,1
2017 Yılının En Komik Hayvan Fotoğrafları Ödülünü Kazanan 14 Komik Kare,1
Marketteki Adam Fıstık Verince Bir Saat Sonra Tüm Ailesiyle Geri Gelen Geyik,1
Albüm Kapaklarını Kedili Yapan Hesaptan Birbirinden Tontik 16 Çalışma,1
Zürafalar Nasıl Uyur?,1
Kurtarılan Yarasanın Muz Yeme Videosu Bugün Gördüğünüz En Güzel Şey Olabilir,1
Sahiplenilen Kedi ve Köpeğin Beraber Çıktığı Dünya Turundan Tatliş Ötesi Fotoğraflar,1
Yılbaşı Ağacını Kediler ve Köpeklerden Korumak İçin Alınan Dahiyane Önlemler,1
Kafeste Olmadığı Zaman Dünya Tatlısına Dönüşen Hamsterların Harika Fotoğrafları,1
Japon Firması Verimliliği Artırmak İçin Ofisi Kedilerle Doldurdu,1
Kedilerle Geçen Bir Yaşamın Öyküsünü İllüstrasyonlarına Yansıtan Çizer,1
Kadınlar ve Sahiplendikleri Kedilerini Fotoğraflayan Brianne Wills’in Kalp Isıtan Kareleri,1
Hamileliğin Her Canlı için Ne Kadar Büyüleyici Olduğunu Kanıtlayan Fotoğraflar,1
Kedilerin Uykusu Geldiğinde Sınır Tanımadığının 15 Kanıtı,1
Komik Anlatımlarla Hangi Hayvan Nereden Sevilirse Hoşuna Gider?,1
IKEA’dan Kedi ve Köpeklere Özel Hepsini İsteyeceğiniz Koleksiyon,1
Yaramazlığın Kitabını Yazıp Defalarca Baskıya Gönderen Haylaz Hayvanlar,1
Mutluluğu Her Halinden Belli Diyemeyeceğimiz Bol Yavrulu 10 Anne Fotoğrafı,1
Arılarla Girdiği Savaşın Sonucunu Tek Seferde Fark Edeceğiniz 10 Kedi,1
İnternetin En Üzgün Kedisi İle Tanışın,1
Farklı Olmanın Güzelliğini Yansıtan 10 Albino Hayvan,1
Siz Yalnızlığa Demir Atmışken Aşk Denizinde Yüzen 15 Romantik Hayvan,1
"Köpekler ve Maymunlar, İnsanları Yardımsever Davranışlarına Göre Yargılıyor",1
Hep Gülmesi Gerektiğini Düşündüğünüz İnsanlarla Paylaşmalık Mutluluk Garantili 18 Fotoğraf,1
Yanlışlıkla Üstüne Bastığı Salyangozu Tedavi Ettiren Koca Yürekli Kadın,1
Kedilerin Dünyanın En İlginç Bakışlarına Sahip Olduğunu Kanıtlayan Fotoğraflar,1
Ulaştıkları Devasa Boyutlarla Çevreye Korku Salan 20 Gelişkin Hayvan,1
Kızılırmak’taki piranaların türü belirlendi: ‘Testis yiyen balık’ Pacu,1
Keşke Eve Tilki Alabilsem Dedirtecek Güzellikte 15 Tilki Fotoğrafı,1
Görüp görebileceğiniz en ilginç 15 kedi,1
Gerçek Olduğuna İnanamayacağınız 13 Sıradışı Hayvan,1
Mezuniyet Gecesine Eşlik Edecek Birini Bulamayınca Kedisiyle Gitti,1
Hayvanlar Hakkında Doğru Olduğunu Düşündüğümüz 8 Söylenti,1
Vahşi Doğanın Ne Denli Tehlikeli Bir Yer Olduğunu Kanıtlayan 21 Av Fotoğrafı,1
Ön Patileri Olmayan Bu Kedinin Hayat Enerjisi Sizi Kendine Aşık Edecek,1
Ahtapotun 120 Kiloluk Dev Fokla Yaşam Mücadelesi,1
Türkiye’nin Turistik Yerlerini Bizden Çok Gezen 6 Kedi,1
Size En İyi Gelecek Şeyi Bulduk: Lego Kediler!,1
Dünyanın En Büyük Yılanı 59.5 metre,1
Tedavi Ettikleri Oklu Kirpiyi Doğaya Saldılar – Kirpi Eve Büyük Bir Sürprizle Döndü,1
Eve Giren Ayı Piyano Çaldı,1
Kötü Poz Verme Konusunda Master Yapmış 20 Hayvan,1
Muhteşem Haber! ‘Pet Shop’ta Kedi ve Köpek Satışına Yasak Geliyor!,1
‘Dünyanın en üzgün köpeği’ 5 gün içinde sahiplendirilmezse uyutulacak,1
"Sakaryalı Vatandaş ‘Hoşt’ Diyerek Ayıyı Kovalamak İstedi, Olmayınca Ormana Kaçtı",1
Hayvanlar Hakkında Doğru Olduğuna İnanamayacağınız 12 Bilgi,1
Porno Aktrisi Köpekbalığı Saldırısına Uğradı,1
Son erkek kuzey beyaz gergedan Tinder’da eş arıyor: Baskı altında iyi performans gösteriyorum,1
Gününüzü Güzelleştirme Garantili Birbirinden Tatlı Bebek Fil Fotoğrafları,1
Hareket Eden Bir Poşet Gören Kadın Önce Korktu Sonra Bulduğu Şeye Kahroldu,1
Toprakta Susuz Yaşayabilen Balık,1
Korkunca Pokemona Dönen Hayvan,1
Hipnotize Edici Gözlere Sahip Kedicik “Pam Pam” ile Tanışın,1
Sahiplerinin Eve Bu Kadar Erken Geleceğini Tahmin Etmeyen 15 Yaramaz Hayvan,1
Dünyanın en şapşik ifadelerine sahip kedisiyle tanışın,1
İkiden Fazla Köpekle Yaşayan İnsanların Paylaştığı Birbirinden Eğlenceli 15 Fotoğraf,1
Kedi Sevmeyenleri Bile Kendine Aşık Edecek Kedi,1
Sevgi ve İlgiyle Bir Minnoşa Dönüşen Sokak Kedisinin Hikayesi,1
Gecenin Rengine Bürünen 17 Eşsiz Melanizmli Hayvan,1
Sahibini Çaktırmadan Stalklamaya Çalışan Köpeğin 14 Çıldırtan Fotoğrafı,1
Kuzuştan Bile Tatlı Görüntüsüyle Yüzünüzü Güldürecek 15 Alpaka,1
"Ahtapot Inky Kapatıldığı Akvaryumdan Kaçtı, Mazgallara Kadar Süründü: Şimdi Okyanusta ve Özgür!",1
Görmeye Pek Aşina Olmadığınız 20 Hayvan Yavrusu,1
3D Yazıcılar Yardımıyla Üretilen Protezler Sayesinde Hayata Tutunan 13 Sevimli Dostumuz,1
Günümüz Hayvanlarının Milyonlarca Yıl Önce Yaşamış Dev Ataları,1
Hindistan Cevizi Ağacına Sıkışan Husky’e Yapılan 15 Photoshop Çalışması,1
Sanki Müzik Grubu Kurmuşlar Gibi Albüm Kapağı Pozu Veren Komik Hayvanlar,1
Hayvan Barınağı Onu Kurtardığında Kedinin Doğuştan Bir Lütfa Sahip Olduğundan Habersizdi,1
Her Yıl Binlerce Hayvanın Hayatını Kurtaran 10 Harika Köprü ve Tünel,1
Sizden Daha İyi Bir Doğum Günü Yaptığı Kesin Olan 20 Hayvan,1
Sualtı Fotoğrafları Yarışmasını Kazanan Nefes Kesici 26 Fotoğraf,1
Kuş Yanı Olsun Lütfen! Suudi Prens 80 Doğan İçin Uçak Bileti Aldı,1
Dalgıçların Okyanusun Derinliklerinde Hapsedilmiş Şekilde Buldukları Hayvanın Hikayesi,1
Hayvanlar ile İnsanların Dünyayı Ne Derece Farklı Gördükleri Belgeleyen 8 Karşılaştırmalı Görsel,1
"Çanakkale Belediyesi, Kedi Köyü Kuruyor",1
Sahiplendirildikten Sonra Tecavüze Uğrayan İpek İsimli Köpeğin İçinizi Acıtacak Hikayesi,1
Ölen Arkadaşının Geri Döneceği Umuduyla Her Gün Mezarını Ziyaret Eden Köpek,1
Kediler De Köpekler Kadar Zeki,1
Kediler İçin Tasarlanmış Birbirinden Kreatif 7 Süper Oyuncak,1
Onları Hiç Böyle Gördünüz Mü? Kameralara Poz Veren Fotojenik Sincaplar,1
Kedinizin Sizinle Konuşmaya Çalıştığını Biliyor Muydunuz?,1
Hayvanlar Hakkında Yanlış Bilinen 12 Yaygın Mit,1
En Taş Kalplimizin Bile Yüreğini Isıtacak Birbirinden Sevimli 13 Hayvan Yavrusu,1
Yüzünüzü Güldürecek Birbirinden Eğlenceli 20 Hayvan Selfiesi,1
Gerçekliğine İnanmakta Zorlanacağınız 17 Transparan Hayvan,1
ABD Başkanlarının Besledikleri En İlginç Resmi Hayvanlar,1
Köpekbalığı Dostu ile Sarılmalara Doyamayan Dalgıcın 7 Yıllık Serüveni,1
Çin’de ‘Star Wars şebeği’ Keşfedildi,1
Sahiplendirildikten Sonra Mutluluğu Gözlerinden Okunan 15 Hayvan,1
Hala Umut Olduğunun Kanıtı Olan Otobüs Şoförü,1
Ne Kadar Devasa Olduklarının Farkında Olmayan 15 Muhteşem Köpek,1
İyi Çocuk Dedikten Sonra Kediler ve Köpeklerdeki Süper Değişim,1
Birlikte Büyüyen Hayvanların Yüreğinizi Isıtacak 30 Fotoğrafı,1
Türkiye’de Kedilerin Hüküm Sürdüğü Kasaba: Kedi Kasabası,1
Anonymouse İsveç Çapında Fareler için Küçük Mağazalar Açıyor,1
Lanet Olsun Böyle İşe Diyeceğiniz 300 Yıllık Balina Öldürme Geleneği,1
Ayıların Sirk Eğitimi İçin Çektiği Eziyetleri Gösteren Utanılası Video,1
Hayalimizdeki İşi Yapan Petstylist Mehmet Güneş İle Tanışın,1
Ünlü Tablolarda Resmedilenler Kediler Olsaydı Nasıl Olurdu?,1
Yeni Fenomen: Donald Trump Kuşu,1
Çiçek Koklayan Bu 15 Hayvan Bugün Gördüğünüz En Güzel Şey Olabilir,1
Ne Kadar Büyüdüğünün Farkında Olmayan 15 Kedi,1
Kedilere Kendi Tüylerinden Şapka Yapılsa Nasıl Olurdu?,1
Sevgilisinin Onu Aldattığını Gören Kedinin Dram Dolu Aşk Hikayesi,1
Kimsenin İstemediği Dünyanın En Mutsuz Kedisinin Sahiplendirildikten Sonraki İnanılmaz Değişimi,1
Hapsedildikten Sonra Depresyona Giren Dünyanın En Mutsuz Kutup Ayısı ile Tanışın,1
ODTÜ Öğrenci Temsilciliğine Aday Kedi: Pakize,1
Köpek Türlerinin Son 100 Yıldaki Değişimi,1
Fenomen Kadıköy Kedisi Tombilinin Heykeli Çalındı,1
2016 National Geographic Doğa Fotoğrafları Yarışması’nda Finale Kalan 20 Fotoğraf,1
Kendini İnsan Sanan 11 Komik Hayvan,1
Sınıftan Atılan Köpeğe Karadeniz Teknik Üniversitesi Kimliği Çıkarıldı,1
Köpeğin Balıkla Öpüşmesine Yapılan Birbirinden Komik 10 Photoshop,1
Vefat Eden Sahibinin Ardından 1 Yıl Boyunca Mezarına Giden Kedi,1
Ödül Maması Yakalıycam Diye Ne Yapacağını Şaşırmış Dünya Tatlısı 21 Köpek,1
Açlıktan Ölmek Üzereyken Kurtarılan Köpeğin Kıskandıran Yeni Hayatı,1
Husky Cinsi Köpeklerin İnsanlara Benzediğinin 7 İspatı,1
Cara Delevingne ile Mahallenin Muhtarı Arasında Gidip Gelen Bakışlara Sahip Kedi,1
Patron Tarafından Çalışanları Gözetlemesi İçin Gönderilen Gizli Ajan Yakalandı,1
Midilli Sayısının İnsandan Çok Olduğu Keşke Orada Olsam Dedirten Ada,1
2016 Komik Vahşi Doğa Ödüllerinden Gününüzü Güzelleştirme Garantili 20 Fotoğraf,1
İyi Ki Gözleri İnsanlar Gibi Değil Diyeceğiniz 12 Hayvan,1
Dünyanın En İyi Giyinen Tavşanı  Puipui İle Tanışın,1
İçinizi Eritecek Saflıkta Birbirini Öpen 25 Hayvan,1
Bu Sanat Galerisi Köpeklere Özel ve Onların Gelişimine Katkı Sağlıyor,1
Köpeği İçin Oldukça Parlak Fikirler Üretmiş 10 Köpek Sahibi,1
Yakışıklılıkta Sınır Tanımayan Bengal Kedisi Thor İle Tanışın,1
Bu İkiz Kediler İnternetteki Kedi Arkadaşlarını Geride Bırakacak Cinsten,1
Kediniz Kıymetini Bilmezse Sizin İçine Girip Yatmak İsteyeceğiniz Güzellikte Kedi Yatakları,1
Tatlı Kirpilerin Mükemmel Sevimlilikteki Fotoğrafları Kirpi Beslemenize Vesile Bile Olabilecek Seviyede!,1
Tüm Dünyada Oturuşuyla Ünlenen Türk Kedisi Vefat Etti,1
Selam Vermek İçin Oldukça Garip Yerleri Seçmiş 10 Köpek,1
Kedinin Neden Ayakta Durduğunu Bulmaya Çalışan 14 Komik Photoshop,1
Kurtardıkları 7 Farklı Hayvan İle Çok Şirin Bir Hayat Süren Ailenin Kıskandıracak Yaşamı,1
Teslim Olur Gibi Sürekli Ayakta Duran Kediyle Tanışın,1
Her Gün Tren Garında Oturan Bu Kedinin Ne İş Yaptığını Duyunca Şaşıracaksınız,1
Donmaktan Kurtarılan Dünya Tatlısı Yarasalar,1
Rugby Maçını Bölen Kedinin Fotoğrafına Yapılmış 15 Komik Fotoşop,1
Hayvanların da Bebekken Daha Şirin Olduğunu Kanıtlayan 10 Yavru,1
Kurtlarla Yaşayan Ailenin İnanılmaz Fotoğrafları Kıskandıracak Cinsten!,1
Instagram’ın Yeni Trendi Evcil Hayvanlarla Kamp Akımından 15 Kıskanılası Fotoğraf,1
Anne Kedinin Yavruları ile Tanıştırdığı Eski Arkadaşını Görünce Şaşıracaksınız!,1
Bu Adam Hayvan Kurtarmaktan Kendisini Alıkoyamıyor!,1
Tüysüz Guinea’yı Tanıyor musunuz? Kendisi Poz Vermekte Oldukça Başarılı,1
Ev Kedileri Tarafından İstenmeyen Sevimli Yavrunun Evin Köpeği İle Dostluğu,1
Farklı Türden Olsalar Da Aynı Rengi Paylaşan 15 İkiz Hayvan,1
Afrika Antilobu Aç Bir Aslanı Annesi Sandı ve Bakın Ne Oldu?,1
Birbirini Delicesine Seven Ve Hiç Ayrılmayan İki Kör Kedinin Yüreğinizi Isıtacak Hikayesi,1
Pokémon Go Oyunu Sayesinde Onlarca Terk Edilmiş Hayvan Kurtarıldı!,1
Meyve Kaskıyla Dünyanın En Minnoş Canlısına Dönüşmüş 26 Kedi,1
"Gözleri Görmeyen Bu 3 Kediyi Kimse Sahiplenmek İstemedi, Şimdi İse Herkes Hayran",1
Kendisini Kurtaran Adamı Görmek İçin Her Yıl 8.000 KM Yüzen Penguen,1
Barınaktan Sahipleneceği Kediyi Seçen Köpekle Minnoşun Mutlu Eden Fotoğrafları,1
Kedilerin Aslında Çiçek Olduğunun 12 Kanıtı,1
Sokaktan Sahiplenilen Şanslı Köpeğin Kıskandıracak Dünya Turu,1
Yaban Tilkisi ve Tazının Buzları Eritecek Saf ve Gerçek Arkadaşlığı,1
Sahiplenildikten Sonra İnsanlarla Yaşadığı Her Saniyeden Nefret Eden Kedi,1
Köpeklerin Acı Çekmesine Dayanamayan Adam 450 Köpeğin Hayatını Kurtardı!,1
Bu Sevimli Köpek Ve 33 Arkadaşı Yulin Köpek Eti Festivalinden Kurtarıldı!,1
İnsafsızca Barınağın Önüne Yavruları İle Terk Edilen Pitbull’un Mutlu Sonu,1
Yol Kenarına Terk edilmiş Minik Kuzunun Kalbinizi Isıtacak Hikayesi,1
Mezbahadan Kurtarılan Köpeğin Yeni Küçük Sahibi ile Değişimi Getiren Hikayesi,1
Barınaktaki Bu Köpeğin Sahiplendirildiği Andaki Mutluluğunu Gördükten Sonra Satın Almak Yerine Sahipleneceksiniz,1
"Instagram’da Fenomen Olmuş, Muhtemelen Hepimizden Şık Giyinen 14 Köpek",1
Facebook’taki Kedi Pusheen’in Pozlarını Gerçek Hayatta Yapan Kedi,1
Sosis Köpeğin İçinizi Eritecek Annelik Fotoğrafları,1
Yaraladığı Kurbağayı Veterinere Götürmek İçin 1000 Km Yol Giden Güzel İnsan,1
"Bir İnsan Tarafından Kamyona Fırlatıldı, Engelli Kaldı Ama Yavruları İçin Çabalamayı Bırakmadı",1
Laptopun Şifresini 3 Kez Yanlış Girince Yakayı Ele Verdi,1
Onu Kurtaran Adamı Hatırlayıp Sarılan Vefalı Baykuş,1
Köpeklerin Nasıl Yaşlandığını Gösteren Oldukça Dokunaklı 13 Fotoğraf,1
Deniz Anasının İçinde Hapsolmuş Balığın Fotoğrafları Bugün Gördüğünüz En İlginç Şey Olabilir,1
GPS Takılan Kedilerin Bir Gecede Dolaştığı Yerleri Gösteren 8 Şaşırtıcı Çalışma,1
Evcil Hayvanların Pabucunu Dama Atan Ev Ayısı İle Tanışın,1
Tanıdığınız Tüm Erkeklerden Daha Yakışıklı Olan At; Frederick,1
Dostluklarıyla Düşman Çatlatan 20 Kedi Köpek,1
Arabanın Altında Böyle Bakan Bir Kedi Görseniz Ne Yapardınız?,1
Hayvanların Aslında Kardeş Olduğunu Asıl Sorunun İnsanda Olduğunu İspatlayan Anlar,1
Sürpriz Yapılmış Gibi Bakan Kediyle Tanışın,1
Kar Leoparlarının Kuyruk Yiyen Şirin Şeyler Olduğunu Belgeleyen 10 Fotoğraf,1
Artık Siz De Kedinizi Yalayabileceksiniz,1
Ömrünü Zincirlerle Geçiren Boğanın Özgürlüğe Kavuştuğunda Yaptığı İçinizi Isıtacak Dans,1
Kuaförünün Yaptığı Saçtan Memnun Olmadığı Gözlerinden Okunan 16 Hayvan,1
Köpeğinizle Korkusuzca Yürümenizi Sağlayacak Ağızlık,1
Garip Oturuşuyla Photoshop Trollerinin Eline Düşen Kedinin 16 Komik Fotoğrafı,1
Pasta Yerken Kendinden Geçen Canavarlı Kedi,1
Kendini Minnoş Sanan 18 Dev Köpek,1
İnsan Görünce Kendini Sevdiren Köpekbalığı,1
Dünyanın En Fotojenik Kedisi Smoothie İle Tanışın!,1
Sevilmek İçin Mükemmelliğin Gerekli Olmadığını Kanıtlayan 11 Şaşı Kedi,1
Instagram’ın Yeni Fenomeni “Vampir Kirpi” İle Tanışın,1
En Büyük Hayali Fotoğrafçı Olmak Olan 13 Hayvan,1
Panda Neslinin Kendilerinden Bile Korunması Gerektiğini Gösteren 10 Şapşal Panda,1
Miley Cyrus Gibi Dil Çıkarmayı Seven 15 Şirin Hayvan,1
Hangi Hayvan Neresinden Sevilmek İster?,1
Hayata Bambaşka Bakan Van Kedisi Aloş İle Tanışın,1
İnsanlıktan Utandığımız Anlar: Selfie Çekmek İçin AVM’de Tutulan Kutup Ayısı,1
Bebek Hayvanların Kalbinizi Eritecek Tatliş Halleri,1
"İngiltere Dışişleri Bakanlığı ‘Fare Avcısı’ Bir Kediyi Kadroya Aldı, Üstelik Bu Kabinedeki İlk Kedi Değil",1
Doğum Sancısı Tutan Hamile Kedinin İçinizi Isıtacak Hikayesi,1
Kurtarılan Bebek Tilki’nin Oyuncak Tavşan İle Dostluğu,1
İnsan Görünce Ellerini Yukarı Kaldıran Kedi,1
Hayvanların İstediği Her Yerde Uyuyabileceğini Gösteren 19 Sevimli Fotoğraf,1
The Simpsons Çizerinden Hayvanlar Alemine Farklı Açıdan Baktıran 16 Karikatür,1
2013’ten Beri Tek Başına Metroyla Seyahat Eden Kedi,1
Eğer Bir Baykuşu Kurtarırsanız O Size Nasıl Teşekkür Eder?,1
1950’lerin Pin-Up Kızlarına Benzeyen 15 Kedi,1
İnternetin En Güzel Poz Veren Köpeği Anne Oldu,1
Şirin Dostlarını Korkutmadan Nefis Fotoğraflar Yakalamış Punkka,1
Felçli Kedilere Yürüteç Yapan Koca Yürekli Agop Usta,1
Köpek ve Baykuşun Dostluğundan Size Boşver İnsanlığı Güzel Hayvanlara Bak Dedirtecek 12 Kare,1
Favori Yemeği İçin Her Gün Denizden Çıkıp Yolun Karşısındaki Restorana Giden Fok,1
Sizin Evde Olanın Aynısı: Baba Aslan Çocuğuna Kızacakken Bakın Ne Oldu?,1
Minik Bebeği Doğum Öncesinde ve Sonrasında Koruyan Dünya Tatlısı Kedi,1
Birbirine Çok Benzeyen O Hayvanların Ayırıcı Özellikleri,1
Psikolojisi Bozulan Köpeklere Barınakta Kitap Okuyarak Rahatlatan Çocuklar,1
Baharın Gelmesini Bekleyen Dünya Tatlısı 19 Hayvan,1
Bu Fotoğrafta Köpeği Bulabilir Misiniz?,1
Bu Kedi Kurtarıldıktan Sonra İnternetin En Güzel Modacısı Oldu,1
Bu Kedi Dünyanın En Güzel Gözlerine Sahip,1
Burnunu Uzatarak Ne Yaptığınızı Öğrenmek İsteyen 12 Meraklı Köpek,1
Kıskançlığın Fotoğrafını Çekebilir Misin Abidin?,1
Kurtaranın Hayatına Neşe Katan İki Sarışının Hikayesinden 12 Güzel Kare,1
Kedilerin Her Yerde Uyuyabildiğinin Kanıtı 18 Fotoğraf,1
Dokunmatik Telefonlarda Çalışan Kedi Kuyruğu Şeklinde Eldiven,1
Barınaktan Alındığı Günden Beri Yüzü Gülen Dünya Tatlısı Kedi,1
Doğuştan Endişeli Kediyle Tanışın,1
Husky Köpekleri Arasında Çaktırmadan Köpek  Gibi Yaşayan Kedinin 13 Sevimli Fotoğrafı,1
Bu Fotoğrafta Kediyi Bulabilecek Misiniz?,1
Kediler Bilim İnsanı Olsaydı Nasıl Olurdu?,1
Kendini Marketin Sahibi Sanan Kedi,1
Letonya’da Gerçek Kuşlar Tweet Attı,1
Ölmek Üzereyken Aşkı Bulan Aslanın Sizi Kıskandıracak Hikayesi,1
Kendini Dadı Zanneden 13 Sevimli Köpek,1
Aradığı Anne Sevgisini İnsanlarda Bulan 10 Dünya Tatlısı Hayvan,1
Sahiplerinin Onlar Olmadan Tatile Çıkmasını İstemeyen 15 Evcil Hayvan,1
Kedilerin Aslında Bilim İnsanları Gibi Olduklarının 10 Kanıtı,1
Ölümüne Kanka İki Sincabın Eğlenceli Anlarından 13 Kare,1
10 Farklı Dilde Kurbağanın Çıkardığı Ses,1
"Goril Koko: İnsanlar Salak, Dünyayı Kurtarın!",1
Japonlar Yapmış: Kedi Gibi Kokan Sprey,1
Kedilerin Köpeklerden Tatlı Bir Rövanş Almasını Sağlayan İcat,1
Küfredeninden Kahkaha Atanına En Komik 17 Hayvan Fotoğrafı,1
Saklambaç Oynadığını Sanan 15 Şirin Köpek,1
Bu Çanta Kedinizin Astronot Gibi Seyahat Etmesini Sağlıyor,1
Türü Kaybolma Riski Altında Olan 17 Sevimli Hayvan,1
Kurtarılmış Dövüş Köpeklerinin İçinizi Isıtacak Kareleri,1
Kendini Minnoş Sanan Büyük Kediler,1
Şirinliğin Başkentleri Japonya’daki Kedi Adalarından Enfes Fotoğraflar,1
İngiltere’ye Gitmek İçin Çok Tatlı Bir Sebebiniz Oldu: Kedi Barı,1
Yardımlaşmanın Paha Biçilemez Güzelliğini Gösteren Dar Gün Dostu 11 Hayvan,1
"Dünyanın En Saçma Akımının Mağduru, Külotlu Çorap Giymiş Dünya Tatlısı 39 Kedi",1
"Köpekleri İle Denizleri, Nehirleri Aşan Adamın Hikayesi",1
Dünyanın En Komik Kedi Videoları,1
Seksi Modellerin Pabucunu Dama Attıran 10 Kedi,1
Kendini Kurtaran İnsanı Terk Etmeyen Geyik,1
Sıtkı Amca ve Çarli’nin Biraz Güzel Biraz Da Hüzünlü Hikayesi,1
Kedi Yavrusu İle Baykuşun Ders Kitaplarında Okutulması Gereken Dostluğu,1
Üzerlerine Basmayalım Diye Salyangozların Kabuklarını Boyayan Sanatçı,1
Fırtınadan Kurtarılan Minik Sincap Evin Neşe Kaynağı Oldu,1
Nasıl Hayvan Olunduğunu Unutmuş 11 Hayvan,1
Instagram’da 2.3 Milyon Takipçisi Olan Kedi,1
Köpek Treni İle Köpekleri Gezdiren Adamla Tanışın,1
Hem Göze Hem Sağlığa İyi Gelen Midilli Terapisi,1
Köpeğini Evde Bırakmayıp Macera Arkadaşı Edindi,1
"Stresten, Can Sıkıntısından Patlayanlara: Kedi Jengası",1
Kendini Ebru Şallı Sanan Kutup Ayısının Çiçek Tarlasındaki Eğlencesinden İçinizi Isıtacak Fotoğraflar,1
Japonya’da Trend Olan Deniz Tavşanının Tatliş Fotoğrafları,1
Dünyanın En Şeytani Kedisi Loki,1
Dişi Kuşun Şirin mi Şirin Yuva Yapımından Tatlı Kareler,1
Yemeğini Kazanmak İçin Çalışmak Zorunda Olan Emekçi Kedi,1
Köpeğin Gözlerinin İçine Bakarak Onunla Bağ Kurmak Mümkün,1
"1 Köpek, 8 Kuş ve 1 Hamster; Müthiş bir dostluk hikayesi",1
Kedisi Olanların Kedilerden Öğrendiği 9 Şey,1
Yazın Nasıl Serinleyeceğini Kesinlikle Bilen 9 Köpüş,1
Yuva Kurmak İçin Oldukça İlginç Yerler Seçmiş Kuşlar,1
Adriana Lima’nın Pabucunu Dama Atacak Kadar Güzel Poz Veren 13 Hayvan,1
Köpek Sahipleri İçin 5 Kendin Yap Projesi,1
Kediler ile Atların Ölümüne Kanka Olduklarının İspatı Fotoğraflar,1
Evcil Hayvan Sahiplerine “Oh” Dedirtecek Harika Elbise,1
Ördeklere Özel Yol Yapıldı,1
İnsanlara Ders Niteliğinde Video: Farklı Cinsten Hayvanların Dostluğu,1
Caretta 3D Yazıcı Teknolojisi ile Hayata Döndürüldü,1
Hamile Hayvanların Şaşırtan Değişimi,1
Köpeği Kurtarmakla Kalmayıp Hayata Bağlayan Kahraman,1
Aslında Kedinizin Evde İnsan Beslediğinin 16 Kanıtı,1
Kendini Örümcek Adam Sanan Dağ Keçilerinin Harika Fotoğrafları,1
Sen “Bu Sene De Bekar Gezelim”i Söylerken Evlenip Balayına Çıkan 9 Hayvan,1
Dünyanın En Kötü Saç Kesimine Sahip 10 Hayvan,1
Bebeğe nasıl zıplanacağını gösteren köpek,1
Sahibini Kurtarmak İçin Göle Atlayan Köpek,1
Uçak Çalan Sevimli Sincap,1
Başlarını Bir Yerlere Sokma Konusunda Uzman 13 Şapşik Kedi,1
Bizden Daha İyi Yaşayan; Instagram’ın Zengin Köpekleri,1
Gülerken Yüz Kaslarınızı Yoracak Kadar Şirin 12 Hayvan,1
Kendini Şirin Bir Hayvan Zanneden 11 Çocuk,1
Dünyanın En Şişman Kedileri,1
Köpekleri daha da sevmenize neden olacak 20 bilgi,1
Grumpy Cat Sahibine 100 Milyon Dolar Kazandırdı,1
Bulgaristan’daki Yeşil Kedi’nin sırrı çözüldü,1
Hindi kıyafeti giydirilmiş köpekçikler,1
Ünlülere Benzeyen Kediler,1
Vampir mi Geyik mi?,1
Dünyanın En Çirkin Hayvanları,1
Dünyanın En Şirin Kürklü Hayvanları,1
İnsan Gibi Davranan Komik Hayvanlar,1
Bu kedi bir pinpon efsanesi!,1
Yüzünüzü Güldürecek Kedi ve Çocuk Fotoğrafları,1
Sevimli Halleriyle Vahşi Hayvanlar,1
Büyük Ayılar Küçük Ayılara Nasıl Ayılık Dersi Veriyor,1
Siyah Beyaz Fotoğraflarla Kedilerin Gizemli Dünyası,1
Dünya Köpek Balığı Haftası,1
Yeni bebek ile fotoğraf çekimi… Tek farkla bu bebek köpek,1
